Protocol,Completeness,Clarity,Actionability,Integration,Evidence,Automation,Overall
01-client-proposal-generation,10,9,9,9,9,9,9.17
02-client-discovery-initiation,10,9,9,9,9,9,9.17
03-project-brief-creation,9,9,9,9,9,9,9.00
04-project-bootstrap-and-context-engineering,9,9,9,9,9,9,9.00
05-bootstrap-your-project,8,8,8,3,8,8,7.17
06-create-prd,9,9,9,7,9,9,8.67
07-technical-design-architecture,9,9,9,8,9,9,8.83
08-generate-tasks,9,9,9,8,9,9,8.83
09-environment-setup-validation,9,9,9,7,9,9,8.67
10-process-tasks,9,9,9,6,9,9,8.50
11-integration-testing,9,9,9,7,9,9,8.67
12-quality-audit,9,9,9,7,9,9,8.67
13-uat-coordination,9,9,9,6,9,9,8.50
14-pre-deployment-staging,9,9,9,9,9,9,9.00
15-production-deployment,9,9,9,9,9,9,9.00
16-monitoring-observability,9,9,9,9,9,9,9.00
17-incident-response-rollback,9,9,9,9,9,9,9.00
18-performance-optimization,9,9,9,9,9,9,9.00
19-documentation-knowledge-transfer,9,9,9,9,9,9,9.00
20-project-closure,9,9,9,9,9,9,9.00
21-maintenance-support,9,9,9,9,9,9,9.00
22-implementation-retrospective,9,9,9,9,9,9,9.00
23-script-governance-protocol,9,9,9,9,9,9,9.00
24-client-discovery,9,9,9,9,9,9,9.00
25-protocol-integration-map,4,6,5,4,4,4,4.50
26-integration-guide,5,7,6,5,5,5,5.50
27-validation-guide,5,7,6,5,5,5,5.50
review-code-review,9,9,9,8,9,9,8.83
review-security-check,9,9,9,8,9,9,8.83
review-architecture-review,9,9,9,8,9,9,8.83
review-design-system,9,9,9,8,9,9,8.83
review-ui-accessibility,9,9,9,8,9,9,8.83
review-pre-production,9,9,9,8,9,9,8.83

Averages,8.64,8.76,8.67,7.76,8.58,8.58,8.49
